Feature,Value,Importance,Contribution
mean_lf,584.5313793103448,326.0655,190595.51646051725
mean_hf,459.49497701149426,307.03397,141080.56698689781
sleep_score,79.0,380.8733,30088.9907
mean_rmssd,51.65011494252874,420.0263,21694.40667388506
MRS,49.99116451669906,349.278,17460.813960063613
SRS,47.94280497143194,354.8483,17012.42284134417
HRS,50.0,298.15417,14907.7085
resting_hr,50.1208393573761,291.96313,14633.437137006713
RHRS,46.24796783884079,307.69247,14230.151456813486
BRS,34.00424103198445,252.42468,8583.509661141545
