Feature,MeanAbsSHAP
mean_lf,46.628384584099706
mean_hf,45.85524650600198
mean_rmssd,1.9223078869192252
estrogen,1.2436968390564642
BRS,1.2087997125128478
MRS,1.0216231562829001
PRS,0.8929081397603214
SRS,0.8897023604100976
resting_hr,0.7343221894337841
HRS,0.5605868286861433
RHRS,0.44792451761350094
sleep_score,0.38945049269096416
stress_score,0.35069549131837824
deep_sleep,0.1966672091564772
lh,0.07049494707917997
pdg,0.023715411683027515
std_glucose,0.011296907526804628
mean_glucose,0.010800139702072102
