feature,missing_count,missing_percent
flow_volume,2470,43.64728750662661
flow_color,2465,43.55893267361724
moodswing,2339,41.33239088178124
sleepissue,2330,41.173352182364376
exerciselevel,2329,41.1556812157625
appetite,2329,41.1556812157625
phase,1,0.017670966601873124
max_glucose,0,0.0
mean_hf,0,0.0
hrv_samples,0,0.0
mean_glucose,0,0.0
std_glucose,0,0.0
min_glucose,0,0.0
id,0,0.0
resting_hr,0,0.0
sleep_score,0,0.0
std_rmssd,0,0.0
composition_score,0,0.0
revitalization_score,0,0.0
duration_score,0,0.0
deep_sleep,0,0.0
sleep_restlessness,0,0.0
mean_lf,0,0.0
foodcravings,0,0.0
mean_rmssd,0,0.0
bloating,0,0.0
indigestion,0,0.0
study_interval,0,0.0
stress,0,0.0
fatigue,0,0.0
sorebreasts,0,0.0
cramps,0,0.0
headaches,0,0.0
pdg,0,0.0
estrogen,0,0.0
lh,0,0.0
day_in_study,0,0.0
is_weekend,0,0.0
stress_score,0,0.0
