,id,study_interval,day_in_study,lh,estrogen,pdg,headaches,cramps,sorebreasts,fatigue,stress,foodcravings,indigestion,bloating,mean_rmssd,std_rmssd,mean_lf,mean_hf,hrv_samples,mean_glucose,std_glucose,min_glucose,max_glucose,resting_hr,sleep_score,composition_score,revitalization_score,duration_score,deep_sleep,sleep_restlessness,stress_score
id,1.0,0.11821160253871053,0.10213834562112145,0.0532034955888693,0.014177941110921638,-0.0001665038435711595,0.04544988740650577,-0.012379843017000097,-0.10583970828585379,0.09603246763418126,0.10356990722006132,0.1485285714782346,0.1611065788475815,0.1378761195726118,0.2067165437326274,0.16264007383493403,0.08416698184832459,0.1838763505116083,-0.03543824287339893,-0.19685710230375525,-0.18915073265943352,-0.19514051384974712,-0.19658992514176576,0.3208141574864677,-0.01329231564093895,0.018322278208929944,0.1304459937029871,-0.008170127626272177,0.0686081183594659,-0.043649592082712324,0.06370589507983043
study_interval,0.11821160253871053,1.0,0.9973546852714479,0.16891600266993112,-0.12449279645281261,0.2982168093312021,-0.17847561236682055,0.0018331556016040506,-0.3759339927192839,0.1875394534165407,0.16035646641924728,0.06390519286321512,-0.16985399652244343,-0.21460675889562808,0.10363499456910247,0.1146833532054662,0.04893743088405849,0.1217733396559354,0.0689171748727103,-0.11803806299536058,-0.1158137847417635,-0.11297183463823578,-0.11782150999841354,0.26012477360669567,0.04137406564700283,0.19556049886646193,0.8162634309372495,0.11114400516272767,0.02441191250086159,-0.02960957430838304,-0.03107686694608017
day_in_study,0.10213834562112145,0.9973546852714479,1.0,0.1682608074639457,-0.1267373587924482,0.30129733657317215,-0.17749827733065487,0.002461680041296089,-0.37637520585101725,0.1895019318225368,0.15577192600323628,0.06218626768920746,-0.16796262509405563,-0.2144963723053438,0.10057163019924276,0.11274161825079398,0.049397137441843035,0.1216440840076294,0.06880752094891447,-0.11774637527727827,-0.11571765337825292,-0.11260397832030349,-0.11753008447955789,0.23702327097756282,0.04236549346723204,0.19783362504095964,0.8149676869298719,0.11274561754032246,0.02400139064523166,-0.026492685327249167,-0.03448666817270946
lh,0.0532034955888693,0.16891600266993112,0.1682608074639457,1.0,0.2637088005300583,0.04486257468985419,-0.05934531822445325,-0.006186536812745541,-0.09574468015445924,0.01785260772647706,0.018592031773290878,0.013406583389235,-0.03463084464244072,-0.05057471144926326,-0.0006105837113904244,-0.016535278120576615,-0.002864926518445736,0.003766819231718322,0.06328896901066466,-0.011027872723338543,0.001090259803825544,-0.010586868029305637,-0.005333238884820393,0.05121368331031366,0.001991371808761377,0.024878663142255692,0.12233303614047328,0.02651361748964265,0.016246419085112762,0.010334333875283826,-0.01101025036177128
estrogen,0.014177941110921638,-0.12449279645281261,-0.1267373587924482,0.2637088005300583,1.0,0.1662627679691115,0.04051249776304351,-0.03242382632752707,0.026515402031009588,-0.0059251568984704074,0.006896312480913385,0.015132358695706767,0.0038327614170212063,0.03218189307478529,0.02004110658949345,0.037874749266903214,-0.00840818183829162,0.01781304545085646,0.019047757760211247,0.013349830955023066,0.006292791970666149,0.016748139634897324,0.010837193361664282,-0.011054572637889898,-0.06966020795811961,-0.12578167758800957,-0.09627179760419657,-0.011039354679438462,0.022595900089349853,0.025322706961295093,-0.039827367740397496
pdg,-0.0001665038435711595,0.2982168093312021,0.30129733657317215,0.04486257468985419,0.1662627679691115,1.0,-0.05322442766344591,0.0019306921221795175,-0.1103791600179499,0.05439242260652545,0.0478209937712147,0.018777947511006223,-0.050118399350505605,-0.06174037944733067,-0.0575556563726857,-0.012665793128610266,-0.04781614161015514,-0.03998650233400223,0.03151588701164908,-0.03520093452617417,-0.03453761736231321,-0.03369010007017059,-0.03513635478237071,0.08377121775407448,-0.012467695882683417,0.06289691342589321,0.27548362086542555,0.03704996875440682,0.01344417369023495,-0.007909776089398864,-0.008882140017508696
headaches,0.04544988740650577,-0.17847561236682055,-0.17749827733065487,-0.05934531822445325,0.04051249776304351,-0.05322442766344591,1.0,0.3399441756235477,0.3978844936589581,0.24536096486207915,0.2442676247237437,0.20106399251116938,0.30461218491731856,0.34777509872084533,-0.04075644918516225,-0.04147900452613705,-0.08760213386868837,-0.046088878248351964,-0.033973431099742324,-0.031677889798651694,-0.030143404676604164,-0.031355698111813185,-0.030423799307039232,-0.06556936966352564,-0.023141009007024618,-0.059139073980960966,-0.14754754789737917,-0.03139964543134306,-0.004089804460635071,-0.09641827978806881,-0.007960541763606522
cramps,-0.012379843017000097,0.0018331556016040506,0.002461680041296089,-0.006186536812745541,-0.03242382632752707,0.0019306921221795175,0.3399441756235477,1.0,0.5579342449877335,0.15712710909023034,0.18354303182824427,0.25803002000822844,0.3640997178320024,0.3941923473027017,-0.06996950002091797,-0.037309866779403955,-0.11198156355964023,-0.04012187804064112,-0.010545035006576615,-0.028246900435181934,-0.02610095895710019,-0.025334303260215952,-0.026492774675965523,0.036344010663078685,0.01916126974254478,0.03701389952636589,0.004480355111921776,0.005953616826855401,0.026809538984851878,-0.07228020105336823,0.011589904856398197
sorebreasts,-0.10583970828585379,-0.3759339927192839,-0.37637520585101725,-0.09574468015445924,0.026515402031009588,-0.1103791600179499,0.3978844936589581,0.5579342449877335,1.0,-0.02393080953772252,0.044082083179810445,0.16928367148791876,0.3616739659194842,0.3956055351852032,-0.14481337847401934,-0.13219227243227308,-0.14021894875279176,-0.12803425568975696,-0.01586570079345043,-0.006729462260097061,0.003905136899570251,-0.009952527664187671,-0.0015350194795647897,-0.07351851282456331,0.0063714846435128075,-0.03194484199272512,-0.3057737648850903,-0.02894975468110558,0.023716562945018217,-0.05637896799725207,0.01408173440913127
fatigue,0.09603246763418126,0.1875394534165407,0.1895019318225368,0.01785260772647706,-0.0059251568984704074,0.05439242260652545,0.24536096486207915,0.15712710909023034,-0.02393080953772252,1.0,0.5019182271878182,0.3343082531296628,0.18106567379598154,0.1552956804580611,0.05678520040463793,0.054836945317215974,-0.013044648381566095,0.06981833618306924,-0.008070970233828943,0.04193078743830181,0.026740337035546895,0.04304494191647026,0.03401279868157097,0.035650980391816155,0.06839778948979311,0.005710558159343037,0.15793941012930837,0.10443065803871912,-0.016602459942857323,-0.10832329462225881,-0.025088051161183
stress,0.10356990722006132,0.16035646641924728,0.15577192600323628,0.018592031773290878,0.006896312480913385,0.0478209937712147,0.2442676247237437,0.18354303182824427,0.044082083179810445,0.5019182271878182,1.0,0.2731133899044925,0.19338369736337607,0.1606160741864673,0.032314339890777664,0.022686178247185117,-0.014353728491011936,0.04232901049302382,-0.0009522825098183519,-0.12556129360925838,-0.11542534468907037,-0.12282101411655834,-0.12373088986436957,0.08092362427757634,0.10589727856101207,0.07127777961332576,0.13629263457766946,0.12676480619658884,0.036452291288255514,-0.1476725020484129,-0.008113503636675595
foodcravings,0.1485285714782346,0.06390519286321512,0.06218626768920746,0.013406583389235,0.015132358695706767,0.018777947511006223,0.20106399251116938,0.25803002000822844,0.16928367148791876,0.3343082531296628,0.2731133899044925,1.0,0.46816634581700506,0.4453567549287245,-0.05526411750983225,-0.07116458924089002,-0.10758977710152788,-0.05715926720982864,-0.002529206447788765,0.09475747470444681,0.07991510196810321,0.09657202754719799,0.0859341641284135,0.0850897488143263,0.04092748537885455,-0.0050743291651381165,0.06210459240356834,0.022130567761969006,0.009459948189048072,-0.13807769622621047,-0.004979870149244069
indigestion,0.1611065788475815,-0.16985399652244343,-0.16796262509405563,-0.03463084464244072,0.0038327614170212063,-0.050118399350505605,0.30461218491731856,0.3640997178320024,0.3616739659194842,0.18106567379598154,0.19338369736337607,0.46816634581700506,1.0,0.7520794450213588,-0.10423988229491216,-0.09305972352563727,-0.17432752914215893,-0.08246868512012813,0.003623168014536554,-0.017096581172300184,-0.013931586616353438,-0.017549894370376806,-0.01738298932694426,0.08033103264158681,0.04653228083646621,0.001428189820342007,-0.133999430920583,0.019319383613216667,0.016471938245670267,-0.10444345565667792,0.02792794089314173
bloating,0.1378761195726118,-0.21460675889562808,-0.2144963723053438,-0.05057471144926326,0.03218189307478529,-0.06174037944733067,0.34777509872084533,0.3941923473027017,0.3956055351852032,0.1552956804580611,0.1606160741864673,0.4453567549287245,0.7520794450213588,1.0,-0.09184450201621075,-0.1023797449081301,-0.1639721640719495,-0.08433412033575181,-0.023264550471740232,-0.028606558145978882,-0.029381434647560843,-0.028754215596885756,-0.030054602971893638,0.06503196931182835,-0.006482827752437763,-0.0500638157090318,-0.16879184002086217,-0.050790334329029074,-0.03197335460012345,-0.09629956725621096,0.02348805091702728
mean_rmssd,0.2067165437326274,0.10363499456910247,0.10057163019924276,-0.0006105837113904244,0.02004110658949345,-0.0575556563726857,-0.04075644918516225,-0.06996950002091797,-0.14481337847401934,0.05678520040463793,0.032314339890777664,-0.05526411750983225,-0.10423988229491216,-0.09184450201621075,1.0,0.7049461260663102,0.7985096738394052,0.9158311895600147,-0.0076016802856978755,-0.10288428950253893,-0.08534729944400356,-0.10524936463104469,-0.09482840681551062,0.05025852496742165,0.13687448174157926,-0.0027715669847166277,0.11050959128637053,0.059821490776825276,0.03533281176738107,-0.13626331241547301,2.6824909737514717e-05
std_rmssd,0.16264007383493403,0.1146833532054662,0.11274161825079398,-0.016535278120576615,0.037874749266903214,-0.012665793128610266,-0.04147900452613705,-0.037309866779403955,-0.13219227243227308,0.054836945317215974,0.022686178247185117,-0.07116458924089002,-0.09305972352563727,-0.1023797449081301,0.7049461260663102,1.0,0.6428953611896631,0.7004319197052318,0.02784853503997107,-0.07484828617962949,-0.0714633723540281,-0.07427987490651698,-0.07428703629546052,0.05485360738583118,0.06535356259261238,0.01831592154559478,0.1196418864295429,0.06830759439923137,0.044504036381492966,-0.09106170260310889,-0.0064364204744777765
mean_lf,0.08416698184832459,0.04893743088405849,0.049397137441843035,-0.002864926518445736,-0.00840818183829162,-0.04781614161015514,-0.08760213386868837,-0.11198156355964023,-0.14021894875279176,-0.013044648381566095,-0.014353728491011936,-0.10758977710152788,-0.17432752914215893,-0.1639721640719495,0.7985096738394052,0.6428953611896631,1.0,0.736696971060938,0.03555936912613027,-0.12035108871102726,-0.10372229239472812,-0.12216582991836339,-0.11391784332514777,0.03312468510452388,0.09832785165173817,-0.015337094462094698,0.02650555735356417,0.043215773695277994,0.04419384602446094,-0.022734470938552295,-0.002102647089426589
mean_hf,0.1838763505116083,0.1217733396559354,0.1216440840076294,0.003766819231718322,0.01781304545085646,-0.03998650233400223,-0.046088878248351964,-0.04012187804064112,-0.12803425568975696,0.06981833618306924,0.04232901049302382,-0.05715926720982864,-0.08246868512012813,-0.08433412033575181,0.9158311895600147,0.7004319197052318,0.736696971060938,1.0,-0.022159858904683274,-0.10938536409576742,-0.10193344619129309,-0.10973210581143186,-0.10672281957291324,0.07133875944545764,0.11900098537501336,0.00992546235002202,0.11675158244683438,0.05978906188703281,0.0101999976476969,-0.16327925086682213,-0.032869865757450205
hrv_samples,-0.03543824287339893,0.0689171748727103,0.06880752094891447,0.06328896901066466,0.019047757760211247,0.03151588701164908,-0.033973431099742324,-0.010545035006576615,-0.01586570079345043,-0.008070970233828943,-0.0009522825098183519,-0.002529206447788765,0.003623168014536554,-0.023264550471740232,-0.0076016802856978755,0.02784853503997107,0.03555936912613027,-0.022159858904683274,1.0,-0.053500685418435036,-0.059069458942444884,-0.05227525421013099,-0.057415231075455014,0.00921115072432934,0.3952921287587656,0.22625132084694113,0.06597830322038929,0.35250018796967114,0.3519370429592455,0.05634982765650684,-0.07847020544389983
mean_glucose,-0.19685710230375525,-0.11803806299536058,-0.11774637527727827,-0.011027872723338543,0.013349830955023066,-0.03520093452617417,-0.031677889798651694,-0.028246900435181934,-0.006729462260097061,0.04193078743830181,-0.12556129360925838,0.09475747470444681,-0.017096581172300184,-0.028606558145978882,-0.10288428950253893,-0.07484828617962949,-0.12035108871102726,-0.10938536409576742,-0.053500685418435036,1.0,0.9446108119719513,0.9890567881204615,0.9898017106835194,-0.1427529061147905,-0.08376686604796149,-0.07328948880570195,-0.09928145250436624,-0.09341215968873828,-0.07143746456448702,0.04100609205390048,-0.03242225062907904
std_glucose,-0.18915073265943352,-0.1158137847417635,-0.11571765337825292,0.001090259803825544,0.006292791970666149,-0.03453761736231321,-0.030143404676604164,-0.02610095895710019,0.003905136899570251,0.026740337035546895,-0.11542534468907037,0.07991510196810321,-0.013931586616353438,-0.029381434647560843,-0.08534729944400356,-0.0714633723540281,-0.10372229239472812,-0.10193344619129309,-0.059069458942444884,0.9446108119719513,1.0,0.9029742258086516,0.9749263093726374,-0.13736262520006456,-0.08417668709366546,-0.0742379616623207,-0.09680573730685378,-0.09428970420861334,-0.06649859245662432,0.05500712217019607,-0.05434535771255737
min_glucose,-0.19514051384974712,-0.11297183463823578,-0.11260397832030349,-0.010586868029305637,0.016748139634897324,-0.03369010007017059,-0.031355698111813185,-0.025334303260215952,-0.009952527664187671,0.04304494191647026,-0.12282101411655834,0.09657202754719799,-0.017549894370376806,-0.028754215596885756,-0.10524936463104469,-0.07427987490651698,-0.12216582991836339,-0.10973210581143186,-0.05227525421013099,0.9890567881204615,0.9029742258086516,1.0,0.9687108971188906,-0.14063601503160572,-0.0808268431452958,-0.07068773989593448,-0.09508048290294129,-0.09014104895782932,-0.0693006922831367,0.036565542420219546,-0.025798034112893203
max_glucose,-0.19658992514176576,-0.11782150999841354,-0.11753008447955789,-0.005333238884820393,0.010837193361664282,-0.03513635478237071,-0.030423799307039232,-0.026492774675965523,-0.0015350194795647897,0.03401279868157097,-0.12373088986436957,0.0859341641284135,-0.01738298932694426,-0.030054602971893638,-0.09482840681551062,-0.07428703629546052,-0.11391784332514777,-0.10672281957291324,-0.057415231075455014,0.9898017106835194,0.9749263093726374,0.9687108971188906,1.0,-0.14299304310427993,-0.08269698735688774,-0.07400124463872121,-0.09848239347783652,-0.09303477116362423,-0.06979862380419762,0.047072611718100094,-0.04480990621862375
resting_hr,0.3208141574864677,0.26012477360669567,0.23702327097756282,0.05121368331031366,-0.011054572637889898,0.08377121775407448,-0.06556936966352564,0.036344010663078685,-0.07351851282456331,0.035650980391816155,0.08092362427757634,0.0850897488143263,0.08033103264158681,0.06503196931182835,0.05025852496742165,0.05485360738583118,0.03312468510452388,0.07133875944545764,0.00921115072432934,-0.1427529061147905,-0.13736262520006456,-0.14063601503160572,-0.14299304310427993,1.0,0.02996652371922071,0.04772346901567513,0.22311866085577184,0.035822718004338144,0.05825568220617086,-0.020829158237531026,-0.0016107296235535118
sleep_score,-0.01329231564093895,0.04137406564700283,0.04236549346723204,0.001991371808761377,-0.06966020795811961,-0.012467695882683417,-0.023141009007024618,0.01916126974254478,0.0063714846435128075,0.06839778948979311,0.10589727856101207,0.04092748537885455,0.04653228083646621,-0.006482827752437763,0.13687448174157926,0.06535356259261238,0.09832785165173817,0.11900098537501336,0.3952921287587656,-0.08376686604796149,-0.08417668709366546,-0.0808268431452958,-0.08269698735688774,0.02996652371922071,1.0,0.5770786769022513,0.12749543764336715,0.7888409397787542,0.5624420300023313,-0.2910615409319982,0.023908691972482868
composition_score,0.018322278208929944,0.19556049886646193,0.19783362504095964,0.024878663142255692,-0.12578167758800957,0.06289691342589321,-0.059139073980960966,0.03701389952636589,-0.03194484199272512,0.005710558159343037,0.07127777961332576,-0.0050743291651381165,0.001428189820342007,-0.0500638157090318,-0.0027715669847166277,0.01831592154559478,-0.015337094462094698,0.00992546235002202,0.22625132084694113,-0.07328948880570195,-0.0742379616623207,-0.07068773989593448,-0.07400124463872121,0.04772346901567513,0.5770786769022513,1.0,0.1872790146644522,0.5352737863456802,0.49439460723004086,-0.1327949920178504,0.0005259002359546264
revitalization_score,0.1304459937029871,0.8162634309372495,0.8149676869298719,0.12233303614047328,-0.09627179760419657,0.27548362086542555,-0.14754754789737917,0.004480355111921776,-0.3057737648850903,0.15793941012930837,0.13629263457766946,0.06210459240356834,-0.133999430920583,-0.16879184002086217,0.11050959128637053,0.1196418864295429,0.02650555735356417,0.11675158244683438,0.06597830322038929,-0.09928145250436624,-0.09680573730685378,-0.09508048290294129,-0.09848239347783652,0.22311866085577184,0.12749543764336715,0.1872790146644522,1.0,0.09658745913613632,0.02526938257433908,-0.02658419936958948,0.08690864525599731
duration_score,-0.008170127626272177,0.11114400516272767,0.11274561754032246,0.02651361748964265,-0.011039354679438462,0.03704996875440682,-0.03139964543134306,0.005953616826855401,-0.02894975468110558,0.10443065803871912,0.12676480619658884,0.022130567761969006,0.019319383613216667,-0.050790334329029074,0.059821490776825276,0.06830759439923137,0.043215773695277994,0.05978906188703281,0.35250018796967114,-0.09341215968873828,-0.09428970420861334,-0.09014104895782932,-0.09303477116362423,0.035822718004338144,0.7888409397787542,0.5352737863456802,0.09658745913613632,1.0,0.48253273763323934,-0.1982969996178062,-0.006902899663756781
deep_sleep,0.0686081183594659,0.02441191250086159,0.02400139064523166,0.016246419085112762,0.022595900089349853,0.01344417369023495,-0.004089804460635071,0.026809538984851878,0.023716562945018217,-0.016602459942857323,0.036452291288255514,0.009459948189048072,0.016471938245670267,-0.03197335460012345,0.03533281176738107,0.044504036381492966,0.04419384602446094,0.0101999976476969,0.3519370429592455,-0.07143746456448702,-0.06649859245662432,-0.0693006922831367,-0.06979862380419762,0.05825568220617086,0.5624420300023313,0.49439460723004086,0.02526938257433908,0.48253273763323934,1.0,-0.011928740382713254,-0.023238122836496268
sleep_restlessness,-0.043649592082712324,-0.02960957430838304,-0.026492685327249167,0.010334333875283826,0.025322706961295093,-0.007909776089398864,-0.09641827978806881,-0.07228020105336823,-0.05637896799725207,-0.10832329462225881,-0.1476725020484129,-0.13807769622621047,-0.10444345565667792,-0.09629956725621096,-0.13626331241547301,-0.09106170260310889,-0.022734470938552295,-0.16327925086682213,0.05634982765650684,0.04100609205390048,0.05500712217019607,0.036565542420219546,0.047072611718100094,-0.020829158237531026,-0.2910615409319982,-0.1327949920178504,-0.02658419936958948,-0.1982969996178062,-0.011928740382713254,1.0,-0.09705047840624048
stress_score,0.06370589507983043,-0.03107686694608017,-0.03448666817270946,-0.01101025036177128,-0.039827367740397496,-0.008882140017508696,-0.007960541763606522,0.011589904856398197,0.01408173440913127,-0.025088051161183,-0.008113503636675595,-0.004979870149244069,0.02792794089314173,0.02348805091702728,2.6824909737514717e-05,-0.0064364204744777765,-0.002102647089426589,-0.032869865757450205,-0.07847020544389983,-0.03242225062907904,-0.05434535771255737,-0.025798034112893203,-0.04480990621862375,-0.0016107296235535118,0.023908691972482868,0.0005259002359546264,0.08690864525599731,-0.006902899663756781,-0.023238122836496268,-0.09705047840624048,1.0
