,count,mean,std,min,25%,50%,75%,max,median
id,5659.0,26.545502738999822,14.618883043378103,1.0,13.0,26.0,41.0,50.0,26.0
study_interval,5659.0,2022.6930553101254,0.951811455386206,2022.0,2022.0,2022.0,2024.0,2024.0,2022.0
day_in_study,5659.0,347.4742887435943,416.5210994238951,1.0,34.0,69.0,893.0,1004.0,69.0
lh,5659.0,6.223325675914473,7.674765509729596,0.0,2.9,4.4,6.65,185.6,4.4
estrogen,5659.0,127.34628909701361,99.15387670155529,0.0,68.9,100.05,151.1,640.0,100.05
pdg,5659.0,4.332108146315602,4.292568321852839,1.0,3.4,3.4,3.4,30.0,3.4
headaches,5659.0,1.2696589503445839,1.100347035602069,0.0,1.0,1.0,1.0,5.0,1.0
cramps,5659.0,1.002650644990281,0.9728517260058929,0.0,0.0,1.0,1.0,5.0,1.0
sorebreasts,5659.0,0.4995582258349532,0.9509672937820072,0.0,0.0,0.0,1.0,5.0,0.0
fatigue,5659.0,2.70613182541085,1.1590010161955084,0.0,2.0,3.0,3.0,5.0,3.0
stress,5659.0,2.7485421452553456,1.1420166804347969,0.0,3.0,3.0,3.0,5.0,3.0
foodcravings,5659.0,1.8985686517052482,1.1733594630352508,0.0,1.0,2.0,2.0,5.0,2.0
indigestion,5659.0,1.262943983035872,1.107730105570514,0.0,1.0,1.0,2.0,5.0,1.0
bloating,5659.0,1.355009719031631,1.1718527470678362,0.0,1.0,1.0,2.0,5.0,1.0
mean_rmssd,5659.0,54.15618833522435,26.517077074388343,0.0,36.631759557945045,48.79408181818182,65.66289806501547,194.17203773584907,48.79408181818182
std_rmssd,5659.0,15.262574037975496,11.272547268094709,0.0,8.334527405274219,11.927099386339597,18.626975927366875,147.91295052157182,11.927099386339597
mean_lf,5659.0,1346.3873356207325,878.3018380573901,72.55145454545455,712.5886156122826,1149.075421686747,1705.8818130551097,9253.9081,1149.075421686747
mean_hf,5659.0,907.2985776041658,856.8790665040353,28.25504761904762,386.17389540598293,627.1569397590362,1112.2884944907682,8405.929833333334,627.1569397590362
hrv_samples,5659.0,90.13288566884609,26.962170813895952,1.0,78.0,90.0,101.0,535.0,90.0
mean_glucose,5659.0,9.040318240417578,17.789862525123826,2.93125,6.08780116213152,6.156944444444444,6.24699577294686,155.47727272727272,6.156944444444444
std_glucose,5659.0,1.3741738156057652,3.0954356681235886,0.0,0.8529762389678328,0.8819208761913832,0.9069018745283635,40.93495733120184,0.8819208761913832
min_glucose,5659.0,6.298268245273015,12.237173568144042,2.2,4.3,4.4,4.5,116.0,4.4
max_glucose,5659.0,13.240749248983919,26.212698263128065,3.6,8.8,9.0,9.2,253.0,9.0
resting_hr,5659.0,58.327059036967626,24.483383640009514,0.0,58.31902599334717,67.64318943023682,72.1746374130249,88.08896255493164,67.64318943023682
sleep_score,5659.0,77.16204276373918,7.9459546252999775,30.0,73.0,78.0,83.0,94.0,78.0
composition_score,5659.0,20.44395358426106,1.850441642989779,11.0,20.0,21.0,21.0,25.0,21.0
revitalization_score,5659.0,34.80762207692761,26.13582130184065,9.0,19.0,21.0,64.0,92.0,21.0
duration_score,5659.0,38.24957295164045,5.139384478082113,2.0,37.0,39.0,41.0,47.0,39.0
deep_sleep,5659.0,78.6632797314013,25.456009468995305,0.0,63.0,78.0,94.0,254.0,78.0
sleep_restlessness,5659.0,0.08994484168702735,0.029084619289768538,0.0222222222222222,0.07134635380448096,0.0863522785942592,0.10363659228108435,0.2650602409638554,0.0863522785942592
stress_score,5659.0,69.91964127937798,22.591049505053522,0.0,72.0,76.0,79.0,94.0,76.0
