Actual_RHRS,Predicted_RHRS
58.049478706485246,50.7839409015617
62.40488602226542,51.626428644813224
60.65694763503564,51.106243936653705
56.32146433409907,50.61117258237866
52.33555692996407,49.76105051372621
58.7518407256877,49.45219100517792
54.30935972197679,49.89597967895278
50.79986157742829,49.72141224553299
40.20866466395712,49.36337157928457
51.31756199564117,50.317283331371044
48.844127348765966,50.767583262008266
48.765226482888615,52.866012026786315
44.99600930670907,52.815039911856054
49.77606467573776,52.822783243418606
57.13939447487777,51.87028816187758
52.36288802497496,53.34526751015674
63.18703245567532,53.72615268451468
59.550936561229896,53.85878486537502
57.70785474465453,53.98409944956128
64.29087883607232,53.7909993537354
58.820021205159925,55.23324693626117
56.36651057312835,54.50184004454311
46.66497319903399,54.19632360462383
62.901793603110086,54.50537005982563
64.59368557460093,54.25216582476607
64.76381280556046,54.014061055292274
65.28002591741767,54.32535261749537
60.673219650114866,54.15295118916114
52.30638510926549,53.45519264861227
52.064557931318845,51.46468141753016
52.18208458502681,52.21829211703173
45.88406373328622,51.57093452547735
53.4085232962243,51.04605222070277
57.34922247746952,52.42572717132041
54.5151528538611,53.04751389616466
60.379056959415685,52.31928588709818
51.96613064734642,52.44931174663578
47.5971314130883,53.29556319371433
38.85126936443424,55.286266280307316
44.27821464334099,55.40951532392011
28.658037344642754,56.18346384768142
52.382296636626016,55.436248976839316
50.120383459975265,54.35011228203559
56.6094863639041,54.29308807624644
63.406329151204574,53.17532887260081
57.118925605230615,52.70823536869481
45.048447900100136,53.80208546677566
49.299036932320206,51.854402547367606
40.68464687518407,52.54655433660584
47.04364728750662,53.34486831027901
42.31874006008128,52.9350559139203
49.03543028803676,54.940394249536936
50.836558284738175,52.1893345110058
48.07505743064145,51.799792295791896
61.43449961712906,51.53079235650681
56.93106850444719,51.783534159589244
70.53155740118984,51.73553833450621
62.041158626376856,52.46631220829414
56.148657006538265,52.31268284118469
59.5840548978029,51.08563771958569
58.62188549213643,53.54567168200728
60.78892030394063,53.74490920480178
54.43896153619603,52.396031780182696
52.421364198621674,52.61755990295515
54.71501148612829,51.41391443023311
61.549478706485246,52.49238427782312
68.59266949402132,52.79230765102423
49.75712728986276,53.06404618537713
51.55436767391177,52.96439768586315
53.976453437003,52.356036503510715
55.8084614478412,52.34142401658802
48.60761618660541,51.9551944993338
51.986952936325615,50.41384343745586
53.533059433351006,50.90910618041259
59.53791894916652,53.73296608231278
52.10247688048537,54.66012886115076
48.30218825469754,53.00014153357607
60.09586499381516,52.82991255124002
58.58353949461035,52.21827496643229
50.09691052600577,53.39003735597273
67.01568298285916,54.620117335589434
57.44365906815103,54.388175581585344
54.05442657713377,53.952881130423265
57.95032985804325,54.520177481139775
49.06850444719326,55.124504273959964
56.01618366024622,54.40541931935925
55.592934558520355,53.99338460594494
63.869382105201154,54.93926661207018
63.44137656829829,53.565900050709246
59.39987924839489,54.73683983974522
56.00559580609061,54.29785669852851
68.21707309889851,53.278349439272176
48.77465099840961,53.91979161467744
61.4065500382871,53.97781082715484
54.9170348118042,53.05850253628001
50.03777169111152,53.62617784764062
56.73633445249455,53.16139760631655
51.18234964952583,52.41638509325356
43.98690875890912,53.63105907100097
47.28827236849855,54.285268139120554
55.774916062908645,53.95829298469703
48.59166813924722,54.840792576518275
43.252547564351765,55.45079101445602
49.53361901396006,53.5033452400615
46.78280909465748,53.700408722521814
63.04971431937327,55.12285305207101
48.09166813924722,53.21454392712411
53.27110207928374,53.09728879904658
49.38371031395417,52.40273220843445
60.5584172704247,52.44824399566421
41.62178241149791,51.376920097380584
37.46219885727749,51.69401535868548
42.40921540908288,51.462300664634654
54.98861695234729,50.465792219491604
45.4442775519821,49.33941000072117
43.860075396124174,50.853216590690124
50.43034693997761,48.92674767234773
41.23564233963598,51.3348960823905
51.90238263533016,50.29251677668669
55.64038110384638,50.900025142720665
53.455999293161334,48.61542896648783
44.721755905048006,49.18846656346694
49.03693232019791,48.13064495594584
48.56851917299876,47.642708558315164
46.05681215762502,48.564087060671696
55.299478706485246,47.072397839383505
56.42534016610709,47.77737182811033
48.549994109677804,50.14287650800841
44.497702774341754,50.30459075468609
35.30880014136773,48.89795358206747
53.70891500265064,50.27363856608295
50.73440537197385,50.3346111489758
43.048978029098194,50.57394196336188
46.27694822406786,51.61396873647277
45.75918890263297,51.53770756841105
49.12064852447429,52.1820625438767
45.84498144548507,53.323238731777835
40.66619544089062,53.246811345588355
44.02898038522707,52.5883920515088
54.81292336690817,53.22062279573242
54.54743181952053,53.85119022907515
47.63235553984803,53.16876611223277
58.52295753077694,52.630265897198015
41.47596748542145,51.6434862376819
47.33197855922719,51.24825468449338
50.59536431642811,52.69137018496529
49.16467868292395,51.32998466256543
50.8688225245921,50.96919206895177
50.29385344878365,51.05750807360382
60.13432879778525,52.34364028112387
47.39132355539848,53.14151038318498
49.9008953289745,50.45228765627713
64.48651116216057,48.7709806090881
65.85070978382518,50.477477125029154
49.46434882488072,50.28291578451016
47.36310891205749,50.71902654090609
52.15646168345408,50.89708356997574
51.74169464569712,49.18858744598784
56.20364316428108,49.75732829834802
51.08602815574013,50.87483172921194
52.41900806974142,52.56820842191258
53.50724509630677,53.096239311045586
60.15818460269777,52.89269971809132
51.370486540613776,54.4003220709709
54.000677387053074,55.409708465098376
53.24617129056959,54.6285798235423
49.66448724745244,54.41873210220079
51.21950285680627,55.79484892899613
44.27722801437238,54.90158404900548
37.535341933203746,54.80410920116493
46.80818165753667,54.20284088974189
52.67980208517406,54.90893389058661
45.03472344937268,54.73780430615536
54.33929728456147,51.84916253580821
68.16030511868999,52.24996344829941
37.3141750603758,54.244261512690755
57.63129528185191,54.67773048283542
47.6017700418213,53.39350807255656
44.84486363904105,53.338594573730504
43.55687106084703,54.094418100721875
68.48191671084409,53.21399385349672
55.01194262826178,53.60708412915446
55.71496730871179,53.71735547727626
61.81276138304764,53.33973061524164
58.94383577781704,53.14819642750686
58.158817812334334,53.338862953916426
45.06002238322437,54.08039967292363
55.31248159274313,55.909823749025904
50.84776462272487,55.70293030543588
44.8905430877069,54.5566490469954
56.46181598633445,52.371110103496136
52.88384284620368,52.30974194442207
61.30369028685869,51.99637866841409
54.41249926370973,51.26613056434291
58.41557695705956,52.57494504139126
68.72056311480239,53.482188551475204
46.691023148966245,53.99092793678571
69.17900689167698,53.14842445017559
69.97878011427224,53.447687879318984
51.56578017317547,52.562387346136
63.76711138599282,52.934448832356814
71.4745243564823,53.51297159617251
64.98325675914474,53.07138079609664
71.20842905106909,53.4158560549333
67.64865700653827,53.260549054758435
62.180980149614186,53.391474761645426
49.200374035459745,56.036714455724265
37.5368145137539,55.397053924566826
53.10262413854038,54.67699035938542
52.56968251163339,53.380800212452336
51.00478588678801,52.843283253687396
49.281866643105374,52.715935965315765
56.02275136949991,52.54160980067666
58.6736172468634,54.114487573350104
53.12709842728396,53.69644988464517
44.76775932143487,53.25900300103537
36.30606114154444,53.726948575450585
56.09420097779349,51.458049016561816
46.77515167579667,51.32994503804443
40.78631383636685,51.19639029068978
49.246775048595154,51.25811544264491
55.05137833539495,52.43857589883764
53.44798845496848,53.27530658082028
62.371502621193386,52.82862030981259
51.61802733109501,53.687293051876495
45.4358543912352,53.17764885322679
60.95595511574484,52.535044585289704
58.67712198857278,53.014481261579405
43.19567650350474,52.50909670502972
63.74154738764211,52.183828165535346
50.50326912882136,50.3310972214459
49.74059021028451,50.52136916979244
62.71761795370208,50.29302282749737
57.39995287742241,50.463582638167026
57.0413795134594,50.608738412670206
51.09951699357955,51.75890366668101
55.47287506626613,52.11735484958003
55.15046828061495,52.73295742102585
43.72745479177711,53.42315084273089
70.4029716675502,52.13937058968213
65.19202450374036,51.150744250304356
61.14169170053603,53.01157907837843
65.70775166401602,52.01757012020254
39.72033486481711,53.27569890793329
45.586631913765686,52.533718389671506
68.88985097484833,52.14911700751482
49.51952641809507,51.019145688677604
62.16516463450552,50.58169029529865
58.950182599988224,49.43696129021099
56.57607351122107,48.27883365686987
51.4226600695058,50.08019089364017
50.14898097425929,50.99834000110957
39.24929316133593,50.83948739285784
51.302497496613064,50.74527223695264
65.96621900217941,50.209246494466086
50.56984449549391,49.81698256580259
44.62301937916004,50.101386026661274
45.24545708900278,50.225892887689106
63.246627790540145,51.369618500718204
56.22343464687519,49.86025417239549
57.174810037109026,54.3874387867935
56.658272957530784,52.32653695335034
41.54644519055192,52.673372134960054
55.61053189609473,52.038463299760195
59.33822230075985,52.539259433251914
57.742092242445665,53.67082846741878
58.4490781645756,53.86279566584775
55.5999293161336,54.25422179589718
63.56541202803794,53.10012160659246
68.6168787182659,53.36662319198637
39.28328032043353,54.26162449026831
44.52033633739765,52.03447645504696
53.32008010838193,53.642799287843104
60.23252046886965,52.231365424429704
54.22328738882017,54.15029055297648
49.44360016492902,53.66061095513828
62.44744360016493,54.2510189396401
63.56211344760558,53.671829223446565
66.36198975083937,52.79961399111074
58.99263709724923,53.84170278876194
56.75251811274076,52.58026198041393
65.8367202685987,53.672120386971095
65.42741650468281,52.833715711548805
58.70761913176651,50.36361287824486
51.318563350415275,50.711367307485276
45.225245920951885,52.6545420180155
45.4253696177181,51.97793572255974
59.25686222536373,50.59537748535989
36.49498586322672,51.739555703007134
53.38767155563409,52.31351544462911
57.23748306532368,52.80955586608487
47.05196736761501,51.42997426565807
58.47051893738587,52.70159742847998
59.02899511103258,53.66945729367838
68.25176709666019,52.85603720714552
49.866422218295334,52.33323347138325
53.08431996230194,50.86953309441375
60.1112829121753,52.54610134053736
59.132061023738,52.88069759668474
59.86842492784355,52.631849312949925
59.52551982093421,54.25601646679717
63.32099310832303,52.960667808945615
67.24097308122754,54.011055062950554
61.600474170937154,53.98155441395469
64.71617482476292,54.07176719773311
63.82625022088708,54.709104096892574
64.70156682570536,54.69719152385247
53.71454026035224,54.941811591620194
50.097043058255295,54.343013421872776
66.7140984861872,53.940148097058334
65.06857807622077,54.80200532085147
62.62767273369854,55.07719031101603
54.28943570713319,55.18536659956494
64.0255198209342,53.78469022066369
54.692966955292455,55.14630664937692
52.87231254049597,53.976731816999475
42.21269953466455,53.46616667592261
68.35807268657595,53.87348499405689
48.659097602638866,53.92987707473504
45.77641809506981,53.651059949544894
54.178918536843966,52.49725810161987
44.26172174117925,53.06629510536095
60.435442068681155,54.03003598084822
48.28884667491312,53.654457946556214
52.074792366142425,53.838013228400186
56.70775166401603,54.76219592862135
51.12220945985746,55.3353932173269
66.94451316487012,54.76258526256417
64.04491370677977,53.980147061908234
55.93806326206044,54.68234898174925
55.86963244389468,54.574560340983524
51.32620604347057,54.54033101493892
59.969915179360314,54.73283079933945
48.962434470165526,55.62102016310724
54.09589444542616,55.76585066156327
63.14403310361077,55.68527433002149
56.289980561936744,55.978375488349776
52.3226276727337,55.42820655087854
39.68554514931967,57.0359809957793
31.352373799846852,42.331666208210336
47.669817989044006,41.65413818679736
40.44377687459504,42.429658690049884
39.026270837014785,43.039525658468825
40.22673322730753,43.21211022626804
44.44795900335748,42.25211015404823
48.116996524709904,44.200053343560604
54.50802556399835,40.89623491640195
38.80573717382342,42.6017069036474
36.93903516522354,43.72098680816718
39.41068798963304,42.05980862233091
25.080255639983513,43.61386714198056
45.16423690875891,46.18338627743556
32.12681863697944,44.20150536932385
31.653590151381284,43.553764621406785
40.84546739706662,43.86424569724735
45.49375625846734,42.16226398023138
30.63426989456323,43.63640551981679
56.04590033574837,43.98238212364507
39.03609294928433,45.79787215808649
36.66594510219709,46.61678339884142
31.163839312010367,46.9796582830618
35.99110561347706,45.31313899270797
32.941317665076284,45.02732060668191
40.025225304824176,45.076066009889686
37.765329563527125,43.5981482193556
45.39309065205867,46.397423720651155
40.695234729339695,42.174935683410915
51.86726158920893,42.447563502146494
40.59420097779349,42.81349641477962
43.33404017199741,43.29569640746722
39.46281734110856,42.867081367438395
47.37468339518172,44.5485992041733
43.78986275549272,42.543249121654156
40.91002532838547,40.969879566601385
34.084378865523945,40.1815416984631
23.166534134417148,38.334641166699654
35.28560699770277,40.685071786371054
26.92706308535077,39.208851374356094
37.67495729516405,41.22539178365096
35.64989397420039,41.89987196984613
27.162587618542737,42.81023987132364
37.37397655651764,45.110821031231666
46.65051245803146,46.08676943157027
42.93938858455557,45.75177799503245
43.178211698179894,44.19623713248022
57.54754962596454,44.71847862419025
51.87815868528008,45.857078764823164
39.95445308358367,45.76373172575824
46.293691464923135,45.420621300327866
41.6594068445544,42.70140669651001
46.15129292572304,43.7025812820824
48.74449254874242,43.91080805246574
41.1783295046239,43.261437015217886
31.4282853272074,43.52398439117953
28.415238263533016,44.47640439093457
25.53404606231961,43.67488153149798
24.00019143547152,45.15107358732195
19.728691759439243,44.902487513918445
52.2800848206397,46.69925359714233
37.54320551334158,45.41820586036407
46.716071744124406,45.55698341026769
44.72389114684574,43.25032073036766
53.0650438829004,45.265304199235665
45.40513636095895,45.181680562160864
40.98683512988161,46.24934083588888
41.18335100429994,44.767205546355086
41.31177475407905,46.059219180909146
55.65921540908288,44.52044280609163
57.21013724450727,45.60357134550237
48.86612770218531,44.75196359297498
44.540407610296285,41.90737431523628
45.19189197149084,42.206226317291836
41.40638805442658,40.71586038496988
36.403752135241795,40.28162323651461
40.583436413971846,44.17265146478109
48.32245096306768,43.45559283188652
30.889291394239265,43.31575491897002
37.74356482299582,46.19126317592006
45.600886493491195,45.09831906002449
29.914178005536904,43.33426717140643
35.53211698179891,41.85685296752882
27.937061907286328,42.45088335047403
36.58249396241974,42.74686627620934
39.87609707250987,44.12139097972369
37.51914354715203,44.61284617730681
36.81731165694764,46.53470383496282
36.191950874712845,46.799739615422865
46.029054014254584,46.252915490923336
61.6122548153384,45.35062938524512
37.96243447016552,46.02830185823026
43.76515285386111,44.92613296171934
47.46689638923249,45.44691677533217
25.71861930847617,47.80796798552616
38.704526712611184,46.28717347315683
35.918816634269895,46.661218669334794
36.43850503622548,44.067768593230646
56.448651116216055,43.28033713180712
43.61673146021087,44.891481364956796
46.46715409082877,42.35885223619995
45.59536431642811,43.29015621333366
44.44756140660894,44.60920193329024
39.01562407963715,44.694707935738606
59.01334157978442,42.62211826561858
57.284914884844206,43.105460026129435
29.467124639217765,42.32949465351758
36.7716911115038,43.52039540937872
34.12016257289274,43.46442626759873
36.92444189197149,44.13008161715691
36.521411321199274,42.06841466195765
32.2103434057843,42.14166781117764
38.355009719031635,42.60520212639336
30.124271072627675,41.12147418577027
37.75033869352654,45.22507055019968
38.10073923543618,45.94541853562816
33.02818519172999,47.070488748761605
42.211742357306946,45.867341560394166
35.422218295340755,46.60346413371095
40.30202627083702,44.83962511665329
40.13194321729399,43.81872647750063
41.32598515638806,44.88886077884907
44.6622636508217,44.12258466836634
43.70972492195323,44.74575517377003
36.55455910938328,42.56279159553207
41.93141456087648,43.87678708859161
56.0490222065147,44.731670635232156
57.219267243918246,43.30795601134882
44.94893090652059,42.81197634826253
53.61901396006362,41.85597181306366
48.88571302350239,42.76291634645458
46.04398598103316,45.013068544495866
49.232078694704605,40.59120841876613
52.12415326618366,40.99182999788527
45.42498674677505,40.79408685567833
40.098515638805445,43.233914838500695
49.78325086882253,41.205200104811304
45.44648642280733,41.45249482024157
36.61247570242093,41.021587805541735
46.55800494787066,42.179556513395696
37.449159156505864,43.659890227045885
35.94097897154975,41.934752407572084
42.85219709018083,44.855627369653554
44.37852683041763,45.27102148961741
37.00076574188608,46.04511736584718
31.017994934322907,45.855509497246
46.24142958119809,45.92683475081566
38.86249042822642,46.155202953701185
37.72143193732697,46.849120780064986
39.53660835247688,46.453669062911466
40.96963538905579,47.81959518747587
56.54076102962833,47.562468196965675
45.85705660599635,46.537904936911325
44.89295811980916,47.77894668144005
40.31140660894151,46.446187841304194
47.57839282558757,45.68448595742866
37.82794368851977,47.442543987987264
48.772928079165936,45.418388211828024
37.92005360193203,46.0917294714539
45.57150851151558,45.61339236917468
53.832523414030746,45.984058043613125
40.93081816575367,43.6686560679302
41.89759674854215,43.22576603815016
38.03450256229016,42.56363880333778
48.55592860929493,49.26426464474732
55.87321081463157,49.50314182499834
38.78615185250634,48.510069580765055
52.90713907050717,47.80742263964714
55.627584378865535,48.85440121807175
56.15771337692173,48.31573260017323
55.679006891676984,48.27238937071265
49.144106732638285,48.46055233448
48.395034458384885,47.76035506556889
49.17485421452554,47.85533839205246
49.17485421452554,49.312054434263224
25.30827001236968,40.64441995508562
35.90079224833599,43.668908857635614
27.61268186369794,41.892586315302836
38.287123755669434,40.94037222140707
35.14345879719621,39.76319114489552
37.82423278553337,40.98210289467306
32.31212817341108,39.03442153634709
41.01752370854686,42.088253734562876
30.19321729398598,40.46510509427053
28.28551864286976,39.02631084293772
35.84262531660482,38.82689750669956
36.08660246215468,38.257447309827974
30.74363845202333,38.46045976109733
48.672615892089304,39.43931134927927
37.15887671555634,38.51117275350554
56.97761677563762,38.80114339920909
43.40001178064439,40.318502668047856
43.383003475290096,40.072520460603236
37.400232667726925,40.76776456836121
29.686502326677267,41.051761918735714
35.81181893149555,39.04727528700051
45.95473287388821,38.49794578429305
41.11640749248985,38.93018895593883
34.36232844436591,38.637167022316795
36.333451139777345,38.68593230356607
40.31698768922661,38.95048916544158
33.02085174059021,39.94437682714564
32.37151734699888,39.06361997658253
45.78747717500148,39.26287703852864
45.52030688578665,42.746244951140795
33.27445956293809,43.76805182841816
37.05632620604347,44.41492116059636
33.898671732343765,43.632241425118416
28.021470224421275,42.723081487020465
35.98066501737645,42.67042338640481
36.3603551864287,41.03183739020728
42.88802497496613,43.425614143193975
36.59754373564235,43.814066265921554
40.08780997820581,46.487609574849245
47.34213936502327,43.855810887999986
44.75524238675855,44.51063301169704
39.98571596866349,45.60295524716778
42.04484007775225,47.75402990222647
38.76182482181775,46.819964002851286
41.19003651999764,44.22378920169757
35.549419803263234,43.210506431729314
41.10455321906109,42.68618551093897
40.7207103728574,43.78620983556795
50.353728573953,43.16275048516649
40.42990516581256,41.817582708265824
52.988999823290335,43.19942578166752
46.31053778641692,39.87068767934658
46.33057960770454,40.86835852091353
49.45166990634388,42.369401441413316
38.12852683041763,45.236421460612625
44.11833657301054,45.911072747314776
47.23252046886964,45.800105852728805
44.06183365730105,46.10716989058313
23.085041526771516,43.742415607307905
41.47396477587324,45.124343294935954
25.11623078282382,45.69248574676515
35.90308947399423,44.40307064140283
36.610679154149736,46.81776064421569
36.0136434587972,47.84886592770878
29.62293102432703,47.45319723557563
44.3603257348177,47.10689925411682
32.79500206161277,47.2880694744323
42.66746186016375,47.42544716911034
42.57580844672203,47.41436224352964
29.29576780349885,47.57621238715081
33.82274547917771,45.62001031278466
35.070845850268014,48.72597528552868
36.89967308711786,47.43068320949835
34.78816928786005,47.694875460551756
26.815632915120457,45.71165655722682
41.02406196618956,46.66261049128424
38.82053660835248,46.58389774513054
28.67187960181422,45.85400954935589
42.57495435000295,46.046621683122154
42.964010131354186,42.69263485322528
39.48474406550039,42.39146343103653
42.39236908758909,42.40339821976338
35.49726100017671,44.28789077784495
43.69008069741416,42.39013592237904
39.610384638039704,45.17448573879303
36.153222006243745,42.56261517224822
39.76719974082583,43.778112523600306
46.88652294280497,40.75202705980754
33.811774754079046,40.686469675849274
45.56392472168229,39.81777429754968
33.796401013135416,41.637828472715725
37.88839312010367,40.22532554735731
35.418949166519404,41.16403938272206
40.15204394180362,43.657659535944404
36.65026211933793,43.81227529332795
40.714643340990754,45.05372628465906
39.94092006832774,42.66695876254197
40.05179065794899,44.49650054749155
32.801761206337986,41.065853532035156
37.65310419979973,41.55430422679814
42.0745273016434,41.25019465157536
40.461447841196915,40.68025593846881
34.096350945396715,41.33450166050019
50.763930612004486,44.07689267780186
33.962375566943514,41.736221531885114
30.828621075572833,44.243089798499504
32.43564822995818,43.87479930981968
39.6141544442481,43.50502188060514
32.91992106968251,41.26624332485334
43.345408493844616,40.23757509965301
29.15880308652883,41.55040276507717
31.987173823408146,40.56314930471278
29.742106968251164,43.07769036863796
31.892972845614658,41.23804764358707
50.790289803852275,41.85287043290648
36.94963774518467,40.99479255333432
42.66927313424045,43.90273381635298
33.00225304824174,41.95537211281612
45.757495435000294,43.31044354227966
41.073938269423344,44.51637532069468
47.14319373269718,42.43265340128064
35.5462537550804,41.06118517913739
35.9829769688402,41.92493283354464
49.87144371797138,41.01035993824155
37.838708252341405,41.62364844407854
42.84421570359899,44.34678337385671
37.92302821464334,44.53009823884602
46.386994168581026,42.69798035948675
43.421791246981215,44.61245804855987
46.07957825293044,40.51578138524521
40.544854803557755,42.818386373990876
43.465659421570365,41.53111449647101
43.797431819520526,42.70384920487609
36.92355834364139,44.04678792159861
47.26633091830123,46.000565450094264
44.75808446722036,44.06711104966555
30.865892089297283,44.3911550797709
41.363683218472055,43.98164958958985
38.24874830653237,43.78654984765849
37.88421099134123,46.116858644461544
29.81349767332273,44.17669736463393
35.44589739058727,48.4635928833379
36.47986982387937,44.98644440338606
36.075572833834016,46.838825893834134
41.60343405784297,45.56572972326076
52.94223066501738,46.74233580847671
42.75455027389998,47.52668408647053
36.73536254933145,44.83782566029054
37.52270719208341,47.38488055399876
46.85022383224363,47.38547068117094
39.740516581257,46.30141914165965
45.38611062025093,45.316627443584196
51.946383342168815,45.9290882457673
43.457795841432535,46.12932702620034
43.22635035636449,46.2344292389777
44.65043882900395,45.577352289941516
47.66679919891619,42.534028099322995
39.41799198916181,42.3239915724295
49.61006067031867,42.10463939517626
38.72386169523473,42.60763078850533
48.728750662661255,45.58719744015932
33.06495552806739,41.701320675755866
38.99098780703304,44.466334246098896
38.13902632974024,44.3366858692204
45.08225834953172,40.94944377593335
46.24796783884079,40.4325822592309
