Actual,Predicted
50.149937,51.08348
49.609856,51.461452
51.20039,51.630226
59.781353,51.48285
47.77864,50.997078
53.567505,50.3464
51.9188,50.20145
59.159332,50.59948
52.592594,50.948997
52.32164,51.661724
58.079018,53.107994
62.85354,55.34188
59.61395,56.854156
58.28892,57.361553
53.26436,51.141388
50.322777,50.850227
52.158463,50.889694
51.60445,50.936253
51.917316,50.985706
53.69983,50.969265
51.08812,50.92736
56.41309,50.82542
61.379116,50.595356
47.521763,50.21771
45.66898,49.83875
51.16194,49.573856
52.29923,49.451553
47.02564,49.422585
44.91054,48.359947
54.491737,50.613884
57.300716,50.941563
48.06101,51.2707
42.56992,51.363953
77.894104,51.505764
62.47177,51.61911
68.94041,51.79878
40.641987,52.04346
51.44986,52.25293
39.75785,52.302353
47.363358,52.16668
53.0292,51.886864
57.921425,51.522106
71.99147,56.966377
58.50829,57.75166
74.78537,58.057632
49.02913,57.708794
58.02321,56.837734
53.974922,55.441887
50.131912,54.24228
54.07809,53.399853
63.367954,52.68368
50.750443,51.77352
56.679787,50.922752
49.174854,50.580727
49.902237,50.65934
49.174854,51.227615
48.40864,49.19425
63.55712,49.211273
46.00907,48.21401
57.214188,47.73942
55.685352,47.092216
34.999706,46.52248
44.684986,46.151005
46.268246,45.9946
46.805798,45.94643
37.646095,45.941635
45.67525,45.958584
42.28798,45.98809
44.88187,46.02589
45.07195,46.07011
25.016787,31.826628
30.072332,31.878864
27.79727,31.51632
32.547947,31.34222
22.305767,31.308535
30.675251,31.333118
50.30678,31.362696
37.561142,31.391144
25.631075,31.419762
23.38371,31.447517
37.92559,31.475124
39.19937,31.50261
40.67668,31.53012
38.94671,31.557709
49.174854,49.502953
49.174854,50.029404
49.174854,49.627937
49.174854,49.397335
49.174854,49.109436
49.174854,48.968067
49.174854,48.886494
49.174854,48.91385
48.190933,49.011124
54.05416,49.14209
49.174854,49.285397
49.174854,49.43729
49.174854,49.598602
49.174854,49.766525
55.810154,50.403473
44.53119,49.87267
54.21264,49.370728
52.822422,48.869312
45.773106,48.69161
56.72592,48.722744
49.73617,48.806934
50.865128,48.891567
55.828754,48.966694
45.3623,49.033176
65.452644,49.092533
60.881207,49.145275
50.212097,49.191246
55.518055,49.230022
48.745987,45.270252
55.255676,45.647507
59.108124,45.304825
56.496525,44.74258
49.356976,44.428627
31.339275,44.078632
37.09739,43.59594
44.117004,42.932297
43.825653,42.233368
41.018562,41.747154
31.625221,41.466675
47.003555,41.306255
48.592926,41.223972
42.9854,41.209343
38.74589,32.592968
18.31799,31.75401
26.043604,31.097683
30.097956,30.87592
41.93117,30.92361
26.132444,31.074455
41.90549,31.261253
26.102226,31.445961
35.845688,31.674541
33.963024,32.056107
32.2432,32.398026
25.625816,32.549286
33.56232,32.60473
30.28702,32.628822
33.808254,37.623688
44.152264,39.23994
36.989132,40.057407
50.46414,39.48734
40.214497,38.62446
37.12417,37.704227
37.783356,36.838207
40.76998,36.50358
42.32136,36.5846
40.223244,36.808113
35.299698,36.97769
34.207943,37.067898
43.447384,37.155025
52.69193,37.2667
46.297077,44.784027
33.74729,44.53526
36.7438,43.25421
40.882236,41.921257
38.53758,41.336533
37.633224,40.92996
36.488277,40.44532
37.511856,40.053303
25.997217,39.836384
40.185455,39.759872
41.192585,39.773064
54.37109,39.847992
44.43849,39.968815
32.91696,40.122757
54.61451,51.09722
56.32475,52.33344
57.6051,53.093037
58.270233,53.55345
61.549816,53.822018
54.164017,54.246914
58.017906,54.759422
48.474773,55.13405
52.905415,55.385483
49.14779,55.540405
44.027634,55.614117
57.422497,55.6313
57.05781,55.619804
59.26249,55.59966
59.332817,48.666183
50.792114,48.9827
51.912895,48.822132
52.990105,48.35481
51.488293,47.767097
42.69724,47.152447
50.625156,46.55921
46.018482,46.1447
40.85121,45.90705
50.113476,45.792442
40.963524,45.7523
34.626305,45.756298
52.25726,45.786163
33.37863,45.831
44.1262,43.1977
38.14879,44.71003
45.117542,45.948483
42.706764,47.537327
46.666683,48.634438
64.68176,49.31591
59.170494,49.792587
63.457382,50.228317
54.493343,50.743576
57.037773,51.387142
44.97782,52.01252
34.20229,52.413
53.215717,52.56179
49.52951,52.544735
54.610855,48.90841
56.705997,47.803165
41.945034,47.17367
50.020298,46.627846
37.241665,46.24425
51.004566,46.064682
43.76493,46.001274
52.371666,45.99056
43.093243,45.966904
45.858337,45.822502
39.639423,45.333836
46.560318,44.28864
50.396595,42.84764
37.32497,41.885532
69.17792,54.992924
48.162365,54.22127
55.093258,53.46959
51.491047,52.720192
46.067062,52.253345
40.390587,51.788597
61.906773,51.282288
60.304855,50.855003
54.79095,51.057724
58.13302,51.559227
50.927006,52.486828
51.278908,53.639828
50.517582,54.555267
55.227337,54.93354
60.063454,52.191143
51.91786,52.439686
55.422543,51.841114
35.525845,50.653275
59.135933,49.89392
59.57647,49.76642
47.25844,50.0116
51.827915,50.753235
64.28999,51.694347
63.768703,52.504555
52.349354,53.061214
48.79808,53.45506
60.8485,53.773746
56.20423,54.050358
64.677345,51.055866
47.46697,49.976803
57.860413,49.229397
59.285503,48.797363
47.026375,48.753887
56.572422,48.840767
44.190117,48.94072
45.0002,49.0172
56.358288,49.062153
33.753506,49.0741
56.862286,49.05096
47.088055,48.989513
65.67555,48.887703
35.297527,48.747883
46.563217,48.927673
43.894417,48.946198
41.17973,48.323635
49.765446,47.819225
44.073776,47.299877
46.968193,46.938572
60.11392,46.777103
45.503635,46.77911
54.60426,46.866573
47.151836,46.99809
54.934116,47.161076
48.03661,47.348637
48.20472,47.552013
42.42525,47.762333
45.611916,48.683636
48.416916,49.28576
52.493137,48.931114
45.32647,48.76296
42.970917,48.539402
57.11345,48.452904
47.860046,48.434074
68.438354,48.429943
54.87165,48.417377
37.000206,48.393032
45.462345,48.360527
46.418713,48.325005
43.133812,48.29099
45.35121,48.261723
43.115673,55.121532
57.66294,54.72246
65.17227,52.815594
58.945633,51.178215
67.86305,50.22148
47.14297,49.610954
54.86249,49.448326
42.45008,49.426384
35.0846,49.77953
45.749985,50.042194
59.372395,49.993107
44.42927,49.675064
47.401962,49.27175
44.79908,48.921436
61.149452,49.71454
64.13354,50.805122
47.60009,51.82862
42.490444,52.917572
56.948254,53.61949
44.69837,54.125023
68.17593,54.74714
62.382664,55.331146
54.963474,55.728745
60.04877,55.965267
67.12091,56.06371
60.88601,56.047993
59.43596,55.96016
54.981953,55.844704
45.59074,46.194065
49.07391,46.90144
51.993637,46.328476
44.3154,46.09737
45.020393,45.467728
38.192215,44.983017
40.458443,44.7775
40.649643,44.727814
40.00209,44.737556
41.47211,44.780926
47.551334,44.858986
48.277348,44.975975
49.174854,45.13151
49.174854,45.317883
52.059505,55.215744
63.07323,55.719025
68.8241,54.38334
60.475895,52.693623
50.501694,51.518307
53.033325,50.579655
42.25851,50.118176
54.02088,50.162735
44.335865,50.622917
52.586514,51.535835
53.859383,52.374233
50.24963,52.823204
51.250294,52.944244
57.36535,52.88022
30.425907,41.61246
38.713074,40.246075
46.34571,38.985725
30.164524,37.673527
40.994102,37.19561
38.726475,36.745617
35.126015,36.021255
30.858257,35.65841
44.709843,35.69471
41.6542,35.926754
48.875427,36.218575
31.654776,36.485794
40.27401,36.681385
44.77074,36.79552
30.553543,49.210472
36.579563,47.674286
40.919067,47.08747
54.427753,46.824814
52.596264,46.646217
50.167168,46.576015
49.967705,46.63327
54.310654,46.794632
52.034466,47.03105
39.66889,47.314266
60.064793,47.618088
44.61364,47.919296
50.474022,48.19706
59.874523,48.435825
51.800747,47.52939
49.659317,47.857666
48.23158,48.748093
48.343876,49.70775
46.696354,50.99962
52.055706,52.394012
56.498352,54.267727
69.13951,55.70582
53.959255,56.027435
48.91409,55.93282
65.41916,55.688206
66.38245,55.37195
60.611725,55.013084
53.215336,54.636948
66.127556,57.899498
58.61106,57.547752
54.521442,58.03809
64.60395,58.13384
57.634403,58.247097
58.529392,58.31894
53.052,57.987404
67.37613,57.053024
48.673264,55.831062
59.84993,54.795197
60.325867,53.919044
61.319004,53.044556
57.8976,52.121445
57.700375,51.549
53.401028,56.978226
53.15611,58.1166
55.776714,57.61228
61.986877,56.982517
65.21341,56.67169
55.359135,57.0928
68.83279,57.59287
65.332535,57.92973
60.279083,58.0978
43.915165,58.15075
54.649628,58.127804
58.250397,58.049843
67.23283,57.94329
53.79147,57.823868
55.944042,43.450462
52.79911,43.308056
48.418877,42.95911
49.043484,43.110954
42.175663,43.420506
43.52365,43.824352
47.29201,44.673904
36.95286,46.054165
41.631588,46.87394
36.339092,47.088577
38.591713,47.092213
53.685883,47.107933
61.061966,47.16112
49.174854,47.23448
50.44968,49.894268
51.210785,49.36904
53.0956,48.36592
35.393578,47.73413
47.934883,46.760178
46.073822,45.49385
42.2304,44.53204
40.360943,44.133385
54.397892,44.021915
50.17578,44.015835
50.657005,44.043976
49.194733,44.080364
49.174854,44.11782
49.174854,44.156155
50.526005,42.70685
44.695175,41.985313
42.694984,41.539204
38.725704,40.50218
36.227837,39.36059
40.888664,38.157104
29.068924,36.789986
35.55071,35.759235
33.3061,35.587563
37.678513,35.87071
33.23067,36.305878
34.67794,36.688736
28.89538,36.937973
48.325787,37.08056
34.709667,49.39641
59.928036,49.53763
40.48792,49.094612
55.845955,48.51179
44.55911,48.342842
58.87003,48.449062
61.10753,48.739372
43.256054,49.182755
58.257862,49.83094
52.521847,50.695087
42.594715,51.59801
44.376083,51.933697
43.553677,51.435417
42.41571,50.508488
56.64558,51.840298
48.38215,49.77792
44.506287,48.706463
45.942673,48.180717
53.421024,47.991905
51.094334,48.001606
51.624714,48.06839
40.64088,48.142845
45.59345,48.216034
46.500603,48.288857
49.787125,48.363396
43.47482,48.441395
52.11221,48.524307
49.471905,48.613483
57.349224,51.055725
54.515152,50.33686
60.37906,49.704834
51.96613,49.134056
47.59713,48.760757
38.85127,48.51417
44.278214,48.235207
28.658037,48.12562
52.382298,48.192745
50.120384,48.346676
56.609486,48.518784
63.40633,48.67879
57.118927,48.81224
45.048447,48.91366
56.736336,54.82475
51.18235,53.94654
43.986908,53.37152
47.288273,52.82829
55.774918,52.58937
48.591667,52.420124
43.25255,52.302273
49.53362,52.144955
46.78281,51.888508
63.049713,51.442333
48.091667,50.706158
53.271103,49.908417
49.38371,49.42399
60.55842,49.10603
51.08603,53.9091
52.419006,54.921886
53.507244,54.978737
60.158184,53.99697
51.370487,53.10604
54.00068,52.34529
53.24617,51.84828
49.664486,51.542244
51.2195,51.327435
44.27723,51.165836
37.535343,51.032166
46.80818,50.907272
52.679802,50.78653
45.034725,50.67157
56.707752,51.561455
51.122208,52.749355
66.94451,53.575886
64.044914,53.354153
55.938065,53.555664
55.869633,54.137077
51.326206,55.14218
59.969913,56.570076
48.962433,57.411697
54.095894,57.852867
63.14403,58.056152
56.28998,58.139267
52.322628,58.14991
39.685547,58.110584
40.969635,39.68293
56.54076,40.449303
45.857056,41.847206
44.89296,42.946815
40.311405,43.66333
47.578392,44.238247
37.82794,44.80642
48.772926,45.304146
37.920055,45.73188
45.57151,46.099236
53.832523,46.39058
40.930817,46.594624
41.8976,46.72072
38.034504,46.788
46.478928,45.609592
47.591095,46.533672
44.386097,47.55176
48.555927,48.22215
55.87321,48.377617
38.78615,48.459705
52.90714,48.536613
55.627583,48.65713
56.157715,48.831196
55.67901,49.048267
49.144108,49.28721
48.395035,49.532158
49.174854,49.78505
49.174854,50.070606
51.946384,41.764355
43.457794,42.03566
43.22635,42.038654
44.65044,42.05709
47.666798,41.98338
39.41799,42.033295
49.61006,42.274563
38.72386,42.607998
48.728752,42.98746
33.064957,43.381756
38.99099,43.756557
38.139027,44.08984
45.08226,44.37628
46.247967,44.620895
