Comparison,Baseline_Mean_Error,TFT_Mean_Error,Mean_Improvement,Paired_t_stat,Paired_t_pvalue,Wilcoxon_stat,Wilcoxon_pvalue,Cohens_d
H14 TFT vs gru,7.172178610882311,5.341756292517006,1.8304223183653043,6.7442290800945335,3.690618775995834e-11,60244.0,1.6477989645981292e-10,0.27836412454624954
H7 TFT vs transformer,7.412410484509654,4.9294411190476195,2.4829693654620346,6.741440809781203,8.33340822135977e-11,12517.0,3.3357575291514794e-10,0.3938391773083001
H14 TFT vs bilstm,7.126985819968914,5.341756292517006,1.7852295274519072,6.497424231046959,1.7451521788080927e-10,61163.0,6.914510967858275e-10,0.26817739824692066
H14 TFT vs lstm,7.0442556029737515,5.341756292517006,1.7024993104567452,6.167286338156358,1.2937498509999933e-09,63133.0,1.2702319553812883e-08,0.25455114913191473
H14 TFT vs transformer,6.889621511794569,5.341756292517006,1.547865219277563,5.801478812618584,1.0754397293143706e-08,64072.0,4.703275178191613e-08,0.23945265671870555
H7 TFT vs gru,6.912288688928678,4.9294411190476195,1.9828475698810584,5.217706101658696,3.433921038293465e-07,15034.0,5.186884133591127e-06,0.30482164517891136
H14 TFT vs xgboost,6.6048478582662264,5.341756292517006,1.26309156574922,4.790989041499986,2.1046615031046964e-06,68254.0,8.690074599524127e-06,0.19774528035888203
H7 TFT vs lstm,6.644437966937261,4.9294411190476195,1.7149968478896414,4.652408501869921,4.973841846578357e-06,15292.0,1.1854739014575572e-05,0.2717966067758235
H7 TFT vs bilstm,6.583000326747593,4.9294411190476195,1.6535592076999732,4.628857210854342,5.530859812018362e-06,15057.0,5.590351019920814e-06,0.27042072566378195
H14 TFT vs random_forest,6.538490199339416,5.341756292517006,1.19673390682241,4.529057270387294,7.178830439644603e-06,68700.0,1.4299071443517667e-05,0.1869341991677296
H7 TFT vs linear_regression,6.525463804516628,4.9294411190476195,1.5960226854690083,4.522210742296436,8.8968667336477e-06,15492.0,2.203978313592039e-05,0.2641903724463005
H7 TFT vs xgboost,6.547382296183032,4.9294411190476195,1.6179411771354122,4.472191595867765,1.1085428969389363e-05,15425.0,1.7941465154692938e-05,0.2612682227108093
H14 TFT vs linear_regression,6.467670023264418,5.341756292517006,1.1259137307474116,4.341187689589164,1.6690443281324443e-05,70981.0,0.00015324878881105904,0.1791799917161925
H7 TFT vs random_forest,6.4271845141595945,4.9294411190476195,1.497743395111975,4.140214224742757,4.541646915116128e-05,15809.0,5.67638677153615e-05,0.24187389760761396
