Configuration,Ablation_Type,Target_Mode,7d_MAE,7d_RMSE,7d_R2,7d_r,14d_MAE,14d_RMSE,14d_R2,14d_r,7d_RMSE_Delta,14d_RMSE_Delta
Full WomenHealthAI (TFT + all RHRS dimensions),model_component,full_rhrs,4.929,6.292,0.522,0.726,5.342,6.834,0.449,0.679,0.0,0.0
w/o Hormonal Resilience (HRS),input_removal,full_rhrs,5.214,6.587,0.487,0.701,5.612,7.091,0.415,0.654,0.29499999999999993,0.25700000000000056
w/o Physiological Resilience (PRS),input_removal,full_rhrs,5.167,6.534,0.493,0.707,5.574,7.048,0.421,0.659,0.242,0.2140000000000004
w/o Metabolic Resilience (MRS),input_removal,full_rhrs,5.083,6.421,0.506,0.715,5.481,6.962,0.432,0.667,0.12900000000000045,0.1280000000000001
w/o Behavioral Resilience (BRS),input_removal,full_rhrs,5.126,6.478,0.499,0.711,5.528,7.005,0.426,0.663,0.18599999999999994,0.17100000000000026
w/o Symptom Resilience (SRS),input_removal,full_rhrs,5.091,6.449,0.503,0.713,5.493,6.978,0.43,0.665,0.15700000000000003,0.14400000000000013
Equal-weight RHRS,target_weighting,equal_weight_rhrs,5.048,6.391,0.511,0.719,5.438,6.921,0.437,0.671,0.0990000000000002,0.08700000000000063
w/o Temporal Attention,model_component,full_rhrs,5.381,6.702,0.471,0.694,5.701,7.142,0.408,0.648,0.41000000000000014,0.3080000000000007
w/o Adaptive Variable Selection,model_component,full_rhrs,5.296,6.641,0.479,0.699,5.657,7.108,0.412,0.651,0.3490000000000002,0.274
